Px,Py,Pz,Vx,Vy,Vz,Tx,Ty,Tz,R_bubble,Watts
0.000254,0.0,0.0,0.00025401888885510975,0.0,0.0,0.0,0.0,0.0,49.0,1500000000.0
0.000513,0.0,0.0,0.0002592029478113365,0.0,0.0,0.0,0.0,0.0,48.019999999999996,1500000000.0
0.0007772,0.0,0.0,0.00026449280388911886,0.0,0.0,0.0,0.0,0.0,47.059599999999996,1500000000.0
0.001047,0.0,0.0,0.0002698906162133866,0.0,0.0,0.0,0.0,0.0,46.118407999999995,1500000000.0
0.001323,0.0,0.0,0.0002753985879728434,0.0,0.0,0.0,0.0,0.0,45.19603984,1500000000.0
0.001604,0.0,0.0,0.00028101896731922804,0.0,0.0,0.0,0.0,0.0,44.292119043199996,1500000000.0
0.001891,0.0,0.0,0.0002867540482849265,0.0,0.0,0.0,0.0,0.0,43.406276662336,1500000000.0
0.002184,0.0,0.0,0.00029260617171931276,0.0,0.0,0.0,0.0,0.0,42.53815112908928,1500000000.0
0.002483,0.0,0.0,0.00029857772624419674,0.0,0.0,0.0,0.0,0.0,41.68738810650749,1500000000.0
0.002789,0.0,0.0,0.0003046711492287722,0.0,0.0,0.0,0.0,0.0,40.85364034437734,1500000000.0
0.0031,0.0,0.0,0.0003108889277844614,0.0,0.0,0.0,0.0,0.0,40.036567537489795,1500000000.0
0.003416,0.0,0.0,0.0003172335997800627,0.0,0.0,0.0,0.0,0.0,39.235836186739995,1500000000.0
0.00374,0.0,0.0,0.000323707754877615,0.0,0.0,0.0,0.0,0.0,38.45111946300519,1500000000.0
0.00407,0.0,0.0,0.00033031403558940307,0.0,0.0,0.0,0.0,0.0,37.68209707374509,1500000000.0
0.004406,0.0,0.0,0.00033705513835653375,0.0,0.0,0.0,0.0,0.0,36.92845513227019,1500000000.0
0.00475,0.0,0.0,0.00034393381464952426,0.0,0.0,0.0,0.0,0.0,36.18988602962478,1500000000.0
0.0051,0.0,0.0,0.00035095287209135125,0.0,0.0,0.0,0.0,0.0,35.46608830903229,1500000000.0
0.00546,0.0,0.0,0.0003581151756034196,0.0,0.0,0.0,0.0,0.0,34.75676654285164,1500000000.0
0.005825,0.0,0.0,0.00036542364857491803,0.0,0.0,0.0,0.0,0.0,34.06163121199461,1500000000.0
0.0062,0.0,0.0,0.00037288127405603875,0.0,0.0,0.0,0.0,0.0,33.38039858775472,1500000000.0
0.00658,0.0,0.0,0.0003804910959755497,0.0,0.0,0.0,0.0,0.0,32.71279061599962,1500000000.0
0.00697,0.0,0.0,0.00038825622038321403,0.0,0.0,0.0,0.0,0.0,32.05853480367963,1500000000.0
0.007366,0.0,0.0,0.0003961798167175654,0.0,0.0,0.0,0.0,0.0,31.417364107606033,1500000000.0
0.00777,0.0,0.0,0.0004042651190995565,0.0,0.0,0.0,0.0,0.0,30.789016825453913,1500000000.0
0.00819,0.0,0.0,0.00041251542765260876,0.0,0.0,0.0,0.0,0.0,30.173236488944834,1500000000.0
0.008606,0.0,0.0,0.0004209341098496007,0.0,0.0,0.0,0.0,0.0,29.56977175916594,1500000000.0
0.00903,0.0,0.0,0.00042952460188734766,0.0,0.0,0.0,0.0,0.0,28.97837632398262,1500000000.0
0.00947,0.0,0.0,0.00043829041008913033,0.0,0.0,0.0,0.0,0.0,28.398808797502966,1500000000.0
0.00992,0.0,0.0,0.0004472351123358473,0.0,0.0,0.0,0.0,0.0,27.830832621552904,1500000000.0
0.010376,0.0,0.0,0.0004563623595263748,0.0,0.0,0.0,0.0,0.0,27.274215969121844,1500000000.0
0.01084,0.0,0.0,0.00046567587706772945,0.0,0.0,0.0,0.0,0.0,26.728731649739405,1500000000.0
0.011314,0.0,0.0,0.00047517946639564227,0.0,0.0,0.0,0.0,0.0,26.194157016744615,1500000000.0
0.0118,0.0,0.0,0.00048487700652616566,0.0,0.0,0.0,0.0,0.0,25.670273876409723,1500000000.0
0.0123,0.0,0.0,0.0004947724556389445,0.0,0.0,0.0,0.0,0.0,25.156868398881528,1500000000.0
0.0128,0.0,0.0,0.0005048698526928005,0.0,0.0,0.0,0.0,0.0,24.6537310309039,1500000000.0
0.01332,0.0,0.0,0.0005151733190742863,0.0,0.0,0.0,0.0,0.0,24.16065641028582,1500000000.0
0.01385,0.0,0.0,0.0005256870602798839,0.0,0.0,0.0,0.0,0.0,23.677443282080105,1500000000.0
0.01438,0.0,0.0,0.0005364153676325347,0.0,0.0,0.0,0.0,0.0,23.2038944164385,1500000000.0
0.01493,0.0,0.0,0.0005473626200331986,0.0,0.0,0.0,0.0,0.0,22.73981652810973,1500000000.0
0.01549,0.0,0.0,0.0005585332857481618,0.0,0.0,0.0,0.0,0.0,22.285020197547535,1500000000.0
0.01605,0.0,0.0,0.0005699319242328183,0.0,0.0,0.0,0.0,0.0,21.839319793596584,1500000000.0
0.01663,0.0,0.0,0.0005815631879926717,0.0,0.0,0.0,0.0,0.0,21.402533397724653,1500000000.0
0.01723,0.0,0.0,0.000593431824482318,0.0,0.0,0.0,0.0,0.0,20.97448272977016,1500000000.0
0.01784,0.0,0.0,0.0006055426780431816,0.0,0.0,0.0,0.0,0.0,20.554993075174757,1500000000.0
0.01846,0.0,0.0,0.0006179006918807976,0.0,0.0,0.0,0.0,0.0,20.143893213671262,1500000000.0
0.01909,0.0,0.0,0.0006305109100824465,0.0,0.0,0.0,0.0,0.0,19.741015349397838,1500000000.0
0.01973,0.0,0.0,0.0006433784796759658,0.0,0.0,0.0,0.0,0.0,19.34619504240988,1500000000.0
0.02039,0.0,0.0,0.0006565086527305774,0.0,0.0,0.0,0.0,0.0,18.959271141561683,1500000000.0
0.02106,0.0,0.0,0.0006699067885005892,0.0,0.0,0.0,0.0,0.0,18.580085718730448,1500000000.0
0.02174,0.0,0.0,0.0006835783556128461,0.0,0.0,0.0,0.0,0.0,18.20848400435584,1500000000.0
0.02245,0.0,0.0,0.0006975289342988225,0.0,0.0,0.0,0.0,0.0,17.844314324268723,1500000000.0
0.02316,0.0,0.0,0.0007117642186722679,0.0,0.0,0.0,0.0,0.0,17.48742803778335,1500000000.0
0.0239,0.0,0.0,0.0007262900190533346,0.0,0.0,0.0,0.0,0.0,17.13767947702768,1500000000.0
0.02464,0.0,0.0,0.0007411122643401373,0.0,0.0,0.0,0.0,0.0,16.79492588748713,1500000000.0
0.0254,0.0,0.0,0.0007562370044287116,0.0,0.0,0.0,0.0,0.0,16.459027369737385,1500000000.0
0.02618,0.0,0.0,0.0007716704126823588,0.0,0.0,0.0,0.0,0.0,16.129846822342635,1500000000.0
0.02698,0.0,0.0,0.0007874187884513866,0.0,0.0,0.0,0.0,0.0,15.807249885895782,1500000000.0
0.02779,0.0,0.0,0.0008034885596442721,0.0,0.0,0.0,0.0,0.0,15.491104888177865,1500000000.0
0.02861,0.0,0.0,0.000819886285351298,0.0,0.0,0.0,0.0,0.0,15.181282790414308,1500000000.0
0.02945,0.0,0.0,0.0008366186585217328,0.0,0.0,0.0,0.0,0.0,14.877657134606022,1500000000.0
0.0303,0.0,0.0,0.0008536925086956457,0.0,0.0,0.0,0.0,0.0,14.580103991913901,1500000000.0
0.03117,0.0,0.0,0.0008711148047914751,0.0,0.0,0.0,0.0,0.0,14.288501912075624,1500000000.0
0.03207,0.0,0.0,0.0008888926579504847,0.0,0.0,0.0,0.0,0.0,14.002731873834112,1500000000.0
0.033,0.0,0.0,0.0009070333244392702,0.0,0.0,0.0,0.0,0.0,13.722677236357429,1500000000.0
0.0339,0.0,0.0,0.0009255442086115002,0.0,0.0,0.0,0.0,0.0,13.44822369163028,1500000000.0
0.03485,0.0,0.0,0.0009444328659301023,0.0,0.0,0.0,0.0,0.0,13.179259217797675,1500000000.0
0.03583,0.0,0.0,0.0009637070060511247,0.0,0.0,0.0,0.0,0.0,12.915674033441721,1500000000.0
0.0368,0.0,0.0,0.0009833744959705354,0.0,0.0,0.0,0.0,0.0,12.657360552772888,1500000000.0
0.0378,0.0,0.0,0.0010034433632352402,0.0,0.0,0.0,0.0,0.0,12.40421334171743,1500000000.0
0.03885,0.0,0.0,0.0010239217992196329,0.0,0.0,0.0,0.0,0.0,12.156129074883081,1500000000.0
0.0399,0.0,0.0,0.0010448181624690132,0.0,0.0,0.0,0.0,0.0,11.913006493385419,1500000000.0
0.04095,0.0,0.0,0.001066140982111238,0.0,0.0,0.0,0.0,0.0,11.674746363517711,1500000000.0
0.04205,0.0,0.0,0.001087898961337998,0.0,0.0,0.0,0.0,0.0,11.441251436247356,1500000000.0
0.04315,0.0,0.0,0.0011101009809571408,0.0,0.0,0.0,0.0,0.0,11.21242640752241,1500000000.0
0.04428,0.0,0.0,0.0011327561030174908,0.0,0.0,0.0,0.0,0.0,10.98817787937196,1500000000.0
0.04544,0.0,0.0,0.0011558735745076435,0.0,0.0,0.0,0.0,0.0,10.76841432178452,1500000000.0
0.04663,0.0,0.0,0.0011794628311302487,0.0,0.0,0.0,0.0,0.0,10.55304603534883,1500000000.0
0.04782,0.0,0.0,0.001203533501153315,0.0,0.0,0.0,0.0,0.0,10.341985114641853,1500000000.0
0.04904,0.0,0.0,0.0012280954093401174,0.0,0.0,0.0,0.0,0.0,10.135145412349015,1500000000.0
0.0503,0.0,0.0,0.0012531585809593033,0.0,0.0,0.0,0.0,0.0,9.932442504102035,1500000000.0
0.05157,0.0,0.0,0.0012787332458768402,0.0,0.0,0.0,0.0,0.0,9.733793654019994,1500000000.0
0.0529,0.0,0.0,0.0013048298427314696,0.0,0.0,0.0,0.0,0.0,9.539117780939595,1500000000.0
0.05423,0.0,0.0,0.001331459023195377,0.0,0.0,0.0,0.0,0.0,9.348335425320803,1500000000.0
0.0556,0.0,0.0,0.0013586316563218134,0.0,0.0,0.0,0.0,0.0,9.161368716814387,1500000000.0
0.05698,0.0,0.0,0.0013863588329814424,0.0,0.0,0.0,0.0,0.0,8.978141342478098,1500000000.0
0.05838,0.0,0.0,0.001414651870389227,0.0,0.0,0.0,0.0,0.0,8.798578515628536,1500000000.0
0.0598,0.0,0.0,0.001443522316723701,0.0,0.0,0.0,0.0,0.0,8.622606945315965,1500000000.0
0.06128,0.0,0.0,0.001472981955840511,0.0,0.0,0.0,0.0,0.0,8.450154806409646,1500000000.0
0.0628,0.0,0.0,0.0015030428120821543,0.0,0.0,0.0,0.0,0.0,8.281151710281453,1500000000.0
0.06433,0.0,0.0,0.0015337171551858717,0.0,0.0,0.0,0.0,0.0,8.115528676075824,1500000000.0
0.0659,0.0,0.0,0.0015650175052917058,0.0,0.0,0.0,0.0,0.0,7.953218102554308,1500000000.0
0.0675,0.0,0.0,0.0015969566380527609,0.0,0.0,0.0,0.0,0.0,7.794153740503222,1500000000.0
0.06915,0.0,0.0,0.001629547589849756,0.0,0.0,0.0,0.0,0.0,7.638270665693158,1500000000.0
0.0708,0.0,0.0,0.0016628036631119961,0.0,0.0,0.0,0.0,0.0,7.485505252379294,1500000000.0
0.0725,0.0,0.0,0.0016967384317469348,0.0,0.0,0.0,0.0,0.0,7.335795147331708,1500000000.0
0.0742,0.0,0.0,0.0017313657466805459,0.0,0.0,0.0,0.0,0.0,7.1890792443850735,1500000000.0
0.076,0.0,0.0,0.001766699741510761,0.0,0.0,0.0,0.0,0.0,7.045297659497372,1500000000.0
0.0778,0.0,0.0,0.0018027548382762867,0.0,0.0,0.0,0.0,0.0,6.9043917063074245,1500000000.0
0.07965,0.0,0.0,0.0018395457533431495,0.0,0.0,0.0,0.0,0.0,6.766303872181276,1500000000.0
0.08154,0.0,0.0,0.0018770875034113772,0.0,0.0,0.0,0.0,0.0,6.6309777947376505,1500000000.0
0.08344,0.0,0.0,0.0019153954116442626,0.0,0.0,0.0,0.0,0.0,6.498358238842897,1500000000.0
0.0854,0.0,0.0,0.001954485113922717,0.0,0.0,0.0,0.0,0.0,6.368391074066039,1500000000.0
0.0874,0.0,0.0,0.001994372565227262,0.0,0.0,0.0,0.0,0.0,6.241023252584719,1500000000.0
0.0894,0.0,0.0,0.0020350740461502676,0.0,0.0,0.0,0.0,0.0,6.116202787533024,1500000000.0
0.0915,0.0,0.0,0.0020766061695410894,0.0,0.0,0.0,0.0,0.0,5.993878731782363,1500000000.0
0.0936,0.0,0.0,0.002118985887286826,0.0,0.0,0.0,0.0,0.0,5.874001157146716,1500000000.0
0.09576,0.0,0.0,0.0021622304972314555,0.0,0.0,0.0,0.0,0.0,5.756521134003782,1500000000.0
0.09796,0.0,0.0,0.0022063576502361786,0.0,0.0,0.0,0.0,0.0,5.641390711323706,1500000000.0
0.1002,0.0,0.0,0.002251385357383856,0.0,0.0,0.0,0.0,0.0,5.528562897097232,1500000000.0
0.10254,0.0,0.0,0.002297331997330465,0.0,0.0,0.0,0.0,0.0,5.417991639155288,1500000000.0
0.10486,0.0,0.0,0.0023442163238065966,0.0,0.0,0.0,0.0,0.0,5.309631806372182,1500000000.0
0.10724,0.0,0.0,0.002392057473272038,0.0,0.0,0.0,0.0,0.0,5.203439170244738,1500000000.0
0.1097,0.0,0.0,0.002440874972726569,0.0,0.0,0.0,0.0,0.0,5.099370386839843,1500000000.0
0.1122,0.0,0.0,0.0024906887476801726,0.0,0.0,0.0,0.0,0.0,4.997382979103047,1500000000.0
0.11475,0.0,0.0,0.0025415191302858905,0.0,0.0,0.0,0.0,0.0,4.897435319520985,1500000000.0
0.1173,0.0,0.0,0.002593386867638663,0.0,0.0,0.0,0.0,0.0,4.799486613130566,1500000000.0
0.11993,0.0,0.0,0.0026463131302435347,0.0,0.0,0.0,0.0,0.0,4.703496880867954,1500000000.0
0.1226,0.0,0.0,0.002700319520656668,0.0,0.0,0.0,0.0,0.0,4.609426943250595,1500000000.0
0.1254,0.0,0.0,0.0027554280823027222,0.0,0.0,0.0,0.0,0.0,4.517238404385583,1500000000.0
0.1282,0.0,0.0,0.002811661308472166,0.0,0.0,0.0,0.0,0.0,4.426893636297871,1500000000.0
0.1311,0.0,0.0,0.00286904215150221,0.0,0.0,0.0,0.0,0.0,4.338355763571913,1500000000.0
0.134,0.0,0.0,0.002927594032145113,0.0,0.0,0.0,0.0,0.0,4.251588648300475,1500000000.0
0.137,0.0,0.0,0.002987340849127666,0.0,0.0,0.0,0.0,0.0,4.166556875334465,1500000000.0
0.14,0.0,0.0,0.0030483069889057812,0.0,0.0,0.0,0.0,0.0,4.083225737827776,1500000000.0
0.1431,0.0,0.0,0.003110517335618144,0.0,0.0,0.0,0.0,0.0,4.001561223071221,1500000000.0
0.1462,0.0,0.0,0.0031739972812430046,0.0,0.0,0.0,0.0,0.0,3.9215299986097962,1500000000.0
0.1495,0.0,0.0,0.003238772735962249,0.0,0.0,0.0,0.0,0.0,3.8430993986376003,1500000000.0
0.1528,0.0,0.0,0.0033048701387369895,0.0,0.0,0.0,0.0,0.0,3.766237410664848,1500000000.0
0.1562,0.0,0.0,0.0033723164680989686,0.0,0.0,0.0,0.0,0.0,3.6909126624515514,1500000000.0
0.1597,0.0,0.0,0.003441139253162213,0.0,0.0,0.0,0.0,0.0,3.61709440920252,1500000000.0
0.1632,0.0,0.0,0.0035113665848594015,0.0,0.0,0.0,0.0,0.0,3.5447525210184696,1500000000.0
0.1667,0.0,0.0,0.0035830271274075523,0.0,0.0,0.0,0.0,0.0,3.4738574705981002,1500000000.0
0.1704,0.0,0.0,0.003656150130007706,0.0,0.0,0.0,0.0,0.0,3.4043803211861383,1500000000.0
0.1742,0.0,0.0,0.003730765438783374,0.0,0.0,0.0,0.0,0.0,3.3362927147624153,1500000000.0
0.178,0.0,0.0,0.0038069035089626263,0.0,0.0,0.0,0.0,0.0,3.269566860467167,1500000000.0
0.1819,0.0,0.0,0.0038845954173088028,0.0,0.0,0.0,0.0,0.0,3.2041755232578235,1500000000.0
0.1858,0.0,0.0,0.003963872874804901,0.0,0.0,0.0,0.0,0.0,3.140092012792667,1500000000.0
0.1898,0.0,0.0,0.004044768239596837,0.0,0.0,0.0,0.0,0.0,3.077290172536814,1500000000.0
0.194,0.0,0.0,0.0041273145302008546,0.0,0.0,0.0,0.0,0.0,3.0157443690860775,1500000000.0
0.1982,0.0,0.0,0.004211545438980464,0.0,0.0,0.0,0.0,0.0,2.955429481704356,1500000000.0
0.2025,0.0,0.0,0.004297495345898432,0.0,0.0,0.0,0.0,0.0,2.896320892070269,1500000000.0
0.2069,0.0,0.0,0.0043851993325494205,0.0,0.0,0.0,0.0,0.0,2.8383944742288634,1500000000.0
0.2114,0.0,0.0,0.0044746931964790015,0.0,0.0,0.0,0.0,0.0,2.781626584744286,1500000000.0
0.216,0.0,0.0,0.004566013465794899,0.0,0.0,0.0,0.0,0.0,2.7259940530494005,1500000000.0
0.2206,0.0,0.0,0.004659197414076428,0.0,0.0,0.0,0.0,0.0,2.6714741719884123,1500000000.0
0.2253,0.0,0.0,0.004754283075588192,0.0,0.0,0.0,0.0,0.0,2.618044688548644,1500000000.0
0.2302,0.0,0.0,0.004851309260804277,0.0,0.0,0.0,0.0,0.0,2.565683794777671,1500000000.0
0.2352,0.0,0.0,0.004950315572249263,0.0,0.0,0.0,0.0,0.0,2.5143701188821175,1500000000.0
0.2402,0.0,0.0,0.005051342420662513,0.0,0.0,0.0,0.0,0.0,2.464082716504475,1500000000.0
0.2454,0.0,0.0,0.00515443104149236,0.0,0.0,0.0,0.0,0.0,2.414801062174386,1500000000.0
0.2507,0.0,0.0,0.005259623511726898,0.0,0.0,0.0,0.0,0.0,2.366505040930898,1500000000.0
0.256,0.0,0.0,0.005366962767068264,0.0,0.0,0.0,0.0,0.0,2.31917494011228,1500000000.0
0.2615,0.0,0.0,0.005476492619457413,0.0,0.0,0.0,0.0,0.0,2.272791441310034,1500000000.0
0.267,0.0,0.0,0.005588257774956543,0.0,0.0,0.0,0.0,0.0,2.2273356124838335,1500000000.0
0.2727,0.0,0.0,0.005702303851996472,0.0,0.0,0.0,0.0,0.0,2.182788900234157,1500000000.0
0.2786,0.0,0.0,0.0058186773999964,0.0,0.0,0.0,0.0,0.0,2.139133122229474,1500000000.0
0.2844,0.0,0.0,0.005937425918363675,0.0,0.0,0.0,0.0,0.0,2.096350459784884,1500000000.0
0.2905,0.0,0.0,0.0060585978758813,0.0,0.0,0.0,0.0,0.0,2.0544234505891863,1500000000.0
0.2966,0.0,0.0,0.006182242730491124,0.0,0.0,0.0,0.0,0.0,2.0133349815774024,1500000000.0
0.303,0.0,0.0,0.006308410949480738,0.0,0.0,0.0,0.0,0.0,1.9730682819458543,1500000000.0
0.3093,0.0,0.0,0.006437154030082387,0.0,0.0,0.0,0.0,0.0,1.9336069163069372,1500000000.0
0.316,0.0,0.0,0.006568524520492231,0.0,0.0,0.0,0.0,0.0,1.8949347779807983,1500000000.0
0.3225,0.0,0.0,0.006702576041318603,0.0,0.0,0.0,0.0,0.0,1.8570360824211825,1500000000.0
0.3293,0.0,0.0,0.006839363307467962,0.0,0.0,0.0,0.0,0.0,1.8198953607727588,1500000000.0
0.3364,0.0,0.0,0.0069789421504775125,0.0,0.0,0.0,0.0,0.0,1.7834974535573036,1500000000.0
0.3435,0.0,0.0,0.007121369541303584,0.0,0.0,0.0,0.0,0.0,1.7478275044861575,1500000000.0
0.3508,0.0,0.0,0.007266703613575087,0.0,0.0,0.0,0.0,0.0,1.7128709543964344,1500000000.0
0.3582,0.0,0.0,0.007415003687321517,0.0,0.0,0.0,0.0,0.0,1.6786135353085057,1500000000.0
0.3657,0.0,0.0,0.007566330293185221,0.0,0.0,0.0,0.0,0.0,1.6450412646023356,1500000000.0
0.3735,0.0,0.0,0.007720745197127777,0.0,0.0,0.0,0.0,0.0,1.612140439310289,1500000000.0
0.3813,0.0,0.0,0.007878311425640588,0.0,0.0,0.0,0.0,0.0,1.579897630524083,1500000000.0
0.3894,0.0,0.0,0.008039093291469988,0.0,0.0,0.0,0.0,0.0,1.5482996779136013,1500000000.0
0.3977,0.0,0.0,0.008203156419867335,0.0,0.0,0.0,0.0,0.0,1.5173336843553293,1500000000.0
0.406,0.0,0.0,0.008370567775374833,0.0,0.0,0.0,0.0,0.0,1.4869870106682228,1500000000.0
0.4146,0.0,0.0,0.008541395689157991,0.0,0.0,0.0,0.0,0.0,1.4572472704548582,1500000000.0
0.4233,0.0,0.0,0.00871570988689591,0.0,0.0,0.0,0.0,0.0,1.428102325045761,1500000000.0
0.4321,0.0,0.0,0.008893581517240725,0.0,0.0,0.0,0.0,0.0,1.3995402785448456,1500000000.0
0.4412,0.0,0.0,0.009075083180857882,0.0,0.0,0.0,0.0,0.0,1.3715494729739488,1500000000.0
0.4504,0.0,0.0,0.009260288960059065,0.0,0.0,0.0,0.0,0.0,1.3441184835144697,1500000000.0
0.46,0.0,0.0,0.009449274449039861,0.0,0.0,0.0,0.0,0.0,1.3172361138441804,1500000000.0
0.4697,0.0,0.0,0.009642116784734553,0.0,0.0,0.0,0.0,0.0,1.2908913915672968,1500000000.0
0.4795,0.0,0.0,0.009838894678300564,0.0,0.0,0.0,0.0,0.0,1.265073563735951,1500000000.0
0.4895,0.0,0.0,0.010039688447245473,0.0,0.0,0.0,0.0,0.0,1.2397720924612319,1500000000.0
0.4998,0.0,0.0,0.010244580048209667,0.0,0.0,0.0,0.0,0.0,1.2149766506120072,1500000000.0
0.5103,0.0,0.0,0.01045365311041803,0.0,0.0,0.0,0.0,0.0,1.190677117599767,1500000000.0
0.521,0.0,0.0,0.010666992969814314,0.0,0.0,0.0,0.0,0.0,1.1668635752477716,1500000000.0
0.5317,0.0,0.0,0.010884686703892157,0.0,0.0,0.0,0.0,0.0,1.1435263037428163,1500000000.0
0.543,0.0,0.0,0.011106823167236893,0.0,0.0,0.0,0.0,0.0,1.12065577766796,1500000000.0
0.554,0.0,0.0,0.011333493027792749,0.0,0.0,0.0,0.0,0.0,1.0982426621146009,1500000000.0
0.566,0.0,0.0,0.011564788803870152,0.0,0.0,0.0,0.0,0.0,1.0762778088723088,1500000000.0
0.5776,0.0,0.0,0.011800804901908317,0.0,0.0,0.0,0.0,0.0,1.0547522526948627,1500000000.0
0.59,0.0,0.0,0.01204163765500849,0.0,0.0,0.0,0.0,0.0,1.0336572076409654,1500000000.0
0.602,0.0,0.0,0.01228738536225356,0.0,0.0,0.0,0.0,0.0,1.012984063488146,1500000000.0
0.6147,0.0,0.0,0.012538148328830165,0.0,0.0,0.0,0.0,0.0,0.992724382218383,1500000000.0
0.6274,0.0,0.0,0.012794028906969556,0.0,0.0,0.0,0.0,0.0,0.9728698945740153,1500000000.0
0.6406,0.0,0.0,0.013055131537724038,0.0,0.0,0.0,0.0,0.0,0.9534124966825349,1500000000.0
0.654,0.0,0.0,0.013321562793595957,0.0,0.0,0.0,0.0,0.0,0.9343442467488842,1500000000.0
0.6675,0.0,0.0,0.013593431422036692,0.0,0.0,0.0,0.0,0.0,0.9156573618139064,1500000000.0
0.681,0.0,0.0,0.01387084838983336,0.0,0.0,0.0,0.0,0.0,0.8973442145776283,1500000000.0
0.6953,0.0,0.0,0.014153926928401388,0.0,0.0,0.0,0.0,0.0,0.8793973302860757,1500000000.0
0.71,0.0,0.0,0.014442782580001414,0.0,0.0,0.0,0.0,0.0,0.8618093836803542,1500000000.0
0.7246,0.0,0.0,0.014737533244899407,0.0,0.0,0.0,0.0,0.0,0.8445731960067471,1500000000.0
0.7397,0.0,0.0,0.015038299229489188,0.0,0.0,0.0,0.0,0.0,0.8276817320866121,1500000000.0
0.755,0.0,0.0,0.015345203295397132,0.0,0.0,0.0,0.0,0.0,0.8111280974448799,1500000000.0
0.7705,0.0,0.0,0.01565837070958891,0.0,0.0,0.0,0.0,0.0,0.7949055354959823,1500000000.0
0.7866,0.0,0.0,0.015977929295498888,0.0,0.0,0.0,0.0,0.0,0.7790074247860627,1500000000.0
0.8027,0.0,0.0,0.01630400948520295,0.0,0.0,0.0,0.0,0.0,0.7634272762903414,1500000000.0
0.8193,0.0,0.0,0.016636744372656068,0.0,0.0,0.0,0.0,0.0,0.7481587307645345,1500000000.0
0.8364,0.0,0.0,0.0169762697680164,0.0,0.0,0.0,0.0,0.0,0.7331955561492438,1500000000.0
0.8535,0.0,0.0,0.01732272425307796,0.0,0.0,0.0,0.0,0.0,0.7185316450262589,1500000000.0
0.871,0.0,0.0,0.017676249237834653,0.0,0.0,0.0,0.0,0.0,0.7041610121257337,1500000000.0
0.889,0.0,0.0,0.018036989018198623,0.0,0.0,0.0,0.0,0.0,0.6900777918832189,1500000000.0
0.9077,0.0,0.0,0.018405090834896557,0.0,0.0,0.0,0.0,0.0,0.6762762360455545,1500000000.0
0.9263,0.0,0.0,0.018780704933567913,0.0,0.0,0.0,0.0,0.0,0.6627507113246435,1500000000.0
0.9453,0.0,0.0,0.01916398462608971,0.0,0.0,0.0,0.0,0.0,0.6494956970981506,1500000000.0
0.965,0.0,0.0,0.019555086353152767,0.0,0.0,0.0,0.0,0.0,0.6365057831561876,1500000000.0
0.985,0.0,0.0,0.019954169748115067,0.0,0.0,0.0,0.0,0.0,0.6237756674930638,1500000000.0
1.005,0.0,0.0,0.02036139770215823,0.0,0.0,0.0,0.0,0.0,0.6113001541432025,1500000000.0
1.025,0.0,0.0,0.020776936430773704,0.0,0.0,0.0,0.0,0.0,0.5990741510603385,1500000000.0
1.047,0.0,0.0,0.021200955541605823,0.0,0.0,0.0,0.0,0.0,0.5870926680391316,1500000000.0
1.068,0.0,0.0,0.02163362810367941,0.0,0.0,0.0,0.0,0.0,0.575350814678349,1500000000.0
1.091,0.0,0.0,0.022075130718040216,0.0,0.0,0.0,0.0,0.0,0.563843798384782,1500000000.0
1.113,0.0,0.0,0.022525643589836955,0.0,0.0,0.0,0.0,0.0,0.5525669224170864,1500000000.0
1.137,0.0,0.0,0.02298535060187444,0.0,0.0,0.0,0.0,0.0,0.5415155839687447,1500000000.0
1.16,0.0,0.0,0.0234544393896678,0.0,0.0,0.0,0.0,0.0,0.5306852722893698,1500000000.0
1.184,0.0,0.0,0.02393310141802837,0.0,0.0,0.0,0.0,0.0,0.5200715668435824,1500000000.0
1.208,0.0,0.0,0.024421532059212624,0.0,0.0,0.0,0.0,0.0,0.5096701355067107,1500000000.0
1.233,0.0,0.0,0.024919930672665944,0.0,0.0,0.0,0.0,0.0,0.49947673279657645,1500000000.0
1.259,0.0,0.0,0.02542850068639382,0.0,0.0,0.0,0.0,0.0,0.4894871981406449,1500000000.0
1.285,0.0,0.0,0.025947449679993694,0.0,0.0,0.0,0.0,0.0,0.479697454177832,1500000000.0
1.312,0.0,0.0,0.026476989469381318,0.0,0.0,0.0,0.0,0.0,0.47010350509427534,1500000000.0
1.339,0.0,0.0,0.027017336193246245,0.0,0.0,0.0,0.0,0.0,0.4607014349923898,1500000000.0
1.366,0.0,0.0,0.027568710401271686,0.0,0.0,0.0,0.0,0.0,0.45148740629254197,1500000000.0
1.395,0.0,0.0,0.028131337144154778,0.0,0.0,0.0,0.0,0.0,0.44245765816669114,1500000000.0
1.423,0.0,0.0,0.02870544606546406,0.0,0.0,0.0,0.0,0.0,0.4336085050033573,1500000000.0
1.452,0.0,0.0,0.029291271495371494,0.0,0.0,0.0,0.0,0.0,0.42493633490329014,1500000000.0
1.482,0.0,0.0,0.029889052546297437,0.0,0.0,0.0,0.0,0.0,0.41643760820522435,1500000000.0
1.513,0.0,0.0,0.03049903321050759,0.0,0.0,0.0,0.0,0.0,0.40810885604111985,1500000000.0
1.544,0.0,0.0,0.031121462459701623,0.0,0.0,0.0,0.0,0.0,0.39994667892029745,1500000000.0
1.576,0.0,0.0,0.03175659434663432,0.0,0.0,0.0,0.0,0.0,0.3919477453418915,1500000000.0
1.608,0.0,0.0,0.032404688108810524,0.0,0.0,0.0,0.0,0.0,0.38410879043505364,1500000000.0
1.642,0.0,0.0,0.033066008274296455,0.0,0.0,0.0,0.0,0.0,0.3764266146263526,1500000000.0
1.676,0.0,0.0,0.03374082476969026,0.0,0.0,0.0,0.0,0.0,0.36889808233382554,1500000000.0
1.71,0.0,0.0,0.03442941303029618,0.0,0.0,0.0,0.0,0.0,0.361520120687149,1500000000.0
1.745,0.0,0.0,0.03513205411254713,0.0,0.0,0.0,0.0,0.0,0.354289718273406,1500000000.0
1.781,0.0,0.0,0.035849034808721564,0.0,0.0,0.0,0.0,0.0,0.34720392390793786,1500000000.0
1.817,0.0,0.0,0.03658064776400159,0.0,0.0,0.0,0.0,0.0,0.3402598454297791,1500000000.0
1.8545,0.0,0.0,0.03732719159591999,0.0,0.0,0.0,0.0,0.0,0.3334546485211835,1500000000.0
1.893,0.0,0.0,0.038088971016244894,0.0,0.0,0.0,0.0,0.0,0.32678555555075983,1500000000.0
1.932,0.0,0.0,0.03886629695535193,0.0,0.0,0.0,0.0,0.0,0.32024984443974464,1500000000.0
1.972,0.0,0.0,0.039659486689134625,0.0,0.0,0.0,0.0,0.0,0.3138448475509497,1500000000.0
2.012,0.0,0.0,0.04046886396850472,0.0,0.0,0.0,0.0,0.0,0.3075679505999307,1500000000.0
2.053,0.0,0.0,0.04129475915153542,0.0,0.0,0.0,0.0,0.0,0.3014165915879321,1500000000.0
2.096,0.0,0.0,0.04213750933830147,0.0,0.0,0.0,0.0,0.0,0.29538825975617344,1500000000.0
2.139,0.0,0.0,0.04299745850847088,0.0,0.0,0.0,0.0,0.0,0.28948049456104996,1500000000.0
2.182,0.0,0.0,0.04387495766170498,0.0,0.0,0.0,0.0,0.0,0.28369088466982895,1500000000.0
2.227,0.0,0.0,0.04477036496092346,0.0,0.0,0.0,0.0,0.0,0.27801706697643236,1500000000.0
2.271,0.0,0.0,0.04568404587849332,0.0,0.0,0.0,0.0,0.0,0.2724567256369037,1500000000.0
2.318,0.0,0.0,0.04661637334540135,0.0,0.0,0.0,0.0,0.0,0.2670075911241656,1500000000.0
2.365,0.0,0.0,0.04756772790347077,0.0,0.0,0.0,0.0,0.0,0.2616674393016823,1500000000.0
2.414,0.0,0.0,0.04853849786068446,0.0,0.0,0.0,0.0,0.0,0.25643409051564864,1500000000.0
2.463,0.0,0.0,0.049529079449678014,0.0,0.0,0.0,0.0,0.0,0.2513054087053357,1500000000.0
2.514,0.0,0.0,0.05053987698946737,0.0,0.0,0.0,0.0,0.0,0.24627930053122896,1500000000.0
2.564,0.0,0.0,0.05157130305047691,0.0,0.0,0.0,0.0,0.0,0.24135371452060436,1500000000.0
2.617,0.0,0.0,0.05262377862293562,0.0,0.0,0.0,0.0,0.0,0.23652664023019226,1500000000.0
2.672,0.0,0.0,0.05369773328870982,0.0,0.0,0.0,0.0,0.0,0.23179610742558843,1500000000.0
2.727,0.0,0.0,0.05479360539664267,0.0,0.0,0.0,0.0,0.0,0.22716018527707665,1500000000.0
2.783,0.0,0.0,0.05591184224147211,0.0,0.0,0.0,0.0,0.0,0.22261698157153512,1500000000.0
2.84,0.0,0.0,0.05705290024640012,0.0,0.0,0.0,0.0,0.0,0.2181646419401044,1500000000.0
2.898,0.0,0.0,0.05821724514938788,0.0,0.0,0.0,0.0,0.0,0.2138013491013023,1500000000.0
2.957,0.0,0.0,0.05940535219325294,0.0,0.0,0.0,0.0,0.0,0.20952532211927624,1500000000.0
3.018,0.0,0.0,0.06061770631964586,0.0,0.0,0.0,0.0,0.0,0.20533481567689071,1500000000.0
3.08,0.0,0.0,0.06185480236698558,0.0,0.0,0.0,0.0,0.0,0.2012281193633529,1500000000.0
3.143,0.0,0.0,0.06311714527243427,0.0,0.0,0.0,0.0,0.0,0.19720355697608583,1500000000.0
3.207,0.0,0.0,0.06440525027799415,0.0,0.0,0.0,0.0,0.0,0.1932594858365641,1500000000.0
3.273,0.0,0.0,0.06571964314081034,0.0,0.0,0.0,0.0,0.0,0.18939429611983283,1500000000.0
3.34,0.0,0.0,0.06706086034776566,0.0,0.0,0.0,0.0,0.0,0.18560641019743618,1500000000.0
3.408,0.0,0.0,0.06842944933445476,0.0,0.0,0.0,0.0,0.0,0.18189428199348745,1500000000.0
3.479,0.0,0.0,0.06982596870862731,0.0,0.0,0.0,0.0,0.0,0.1782563963536177,1500000000.0
3.549,0.0,0.0,0.07125098847819113,0.0,0.0,0.0,0.0,0.0,0.17469126842654534,1500000000.0
3.621,0.0,0.0,0.0727050902838685,0.0,0.0,0.0,0.0,0.0,0.17119744305801443,1500000000.0
3.695,0.0,0.0,0.07418886763660051,0.0,0.0,0.0,0.0,0.0,0.16777349419685414,1500000000.0
3.771,0.0,0.0,0.07570292615979644,0.0,0.0,0.0,0.0,0.0,0.16441802431291705,1500000000.0
3.85,0.0,0.0,0.07724788383652699,0.0,0.0,0.0,0.0,0.0,0.1611296638266587,1500000000.0
3.928,0.0,0.0,0.07882437126176224,0.0,0.0,0.0,0.0,0.0,0.1579070705501255,1500000000.0
4.008,0.0,0.0,0.0804330318997574,0.0,0.0,0.0,0.0,0.0,0.154748929139123,1500000000.0
4.09,0.0,0.0,0.08207452234669121,0.0,0.0,0.0,0.0,0.0,0.15165395055634054,1500000000.0
4.17,0.0,0.0,0.08374951259866452,0.0,0.0,0.0,0.0,0.0,0.14862087154521372,1500000000.0
4.258,0.0,0.0,0.08545868632516787,0.0,0.0,0.0,0.0,0.0,0.14564845411430943,1500000000.0
4.344,0.0,0.0,0.0872027411481305,0.0,0.0,0.0,0.0,0.0,0.14273548503202324,1500000000.0
4.434,0.0,0.0,0.08898238892666377,0.0,0.0,0.0,0.0,0.0,0.13988077533138277,1500000000.0
4.523,0.0,0.0,0.0907983560476161,0.0,0.0,0.0,0.0,0.0,0.1370831598247551,1500000000.0
4.617,0.0,0.0,0.09265138372205724,0.0,0.0,0.0,0.0,0.0,0.13434149662826,1500000000.0
4.71,0.0,0.0,0.0945422282878135,0.0,0.0,0.0,0.0,0.0,0.1316546666956948,1500000000.0
4.81,0.0,0.0,0.09647166151817704,0.0,0.0,0.0,0.0,0.0,0.1290215733617809,1500000000.0
4.906,0.0,0.0,0.09844047093691535,0.0,0.0,0.0,0.0,0.0,0.12644114189454528,1500000000.0
5.008,0.0,0.0,0.10044946013970955,0.0,0.0,0.0,0.0,0.0,0.12391231905665437,1500000000.0
5.11,0.0,0.0,0.10249944912215261,0.0,0.0,0.0,0.0,0.0,0.12143407267552128,1500000000.0
5.215,0.0,0.0,0.10459127461444144,0.0,0.0,0.0,0.0,0.0,0.11900539122201086,1500000000.0
5.32,0.0,0.0,0.10672579042289942,0.0,0.0,0.0,0.0,0.0,0.11662528339757064,1500000000.0
5.43,0.0,0.0,0.1089038677784688,0.0,0.0,0.0,0.0,0.0,0.11429277772961922,1500000000.0
5.54,0.0,0.0,0.11112639569231511,0.0,0.0,0.0,0.0,0.0,0.11200692217502684,1500000000.0
5.652,0.0,0.0,0.11339428131868891,0.0,0.0,0.0,0.0,0.0,0.10976678373152629,1500000000.0
5.77,0.0,0.0,0.11570845032519275,0.0,0.0,0.0,0.0,0.0,0.10757144805689577,1500000000.0
5.887,0.0,0.0,0.11806984727060485,0.0,0.0,0.0,0.0,0.0,0.10542001909575785,1500000000.0
6.008,0.0,0.0,0.12047943599041311,0.0,0.0,0.0,0.0,0.0,0.10331161871384269,1500000000.0
6.13,0.0,0.0,0.12293819999021748,0.0,0.0,0.0,0.0,0.0,0.10124538633956583,1500000000.0
6.254,0.0,0.0,0.1254471428471607,0.0,0.0,0.0,0.0,0.0,0.09922047861277451,1500000000.0
6.383,0.0,0.0,0.12800728861955174,0.0,0.0,0.0,0.0,0.0,0.09723606904051903,1500000000.0
6.51,0.0,0.0,0.13061968226484869,0.0,0.0,0.0,0.0,0.0,0.09529134765970865,1500000000.0
6.645,0.0,0.0,0.13328539006617213,0.0,0.0,0.0,0.0,0.0,0.09338552070651447,1500000000.0
6.78,0.0,0.0,0.1360055000675226,0.0,0.0,0.0,0.0,0.0,0.09151781029238418,1500000000.0
6.92,0.0,0.0,0.13878112251788022,0.0,0.0,0.0,0.0,0.0,0.08968745408653649,1500000000.0
7.062,0.0,0.0,0.14161339032436757,0.0,0.0,0.0,0.0,0.0,0.08789370500480576,1500000000.0
7.207,0.0,0.0,0.1445034595146608,0.0,0.0,0.0,0.0,0.0,0.08613583090470964,1500000000.0
7.355,0.0,0.0,0.14745250970883755,0.0,0.0,0.0,0.0,0.0,0.08441311428661544,1500000000.0
7.508,0.0,0.0,0.15046174460085465,0.0,0.0,0.0,0.0,0.0,0.08272485200088313,1500000000.0
7.66,0.0,0.0,0.15353239244985167,0.0,0.0,0.0,0.0,0.0,0.08107035496086547,1500000000.0
7.816,0.0,0.0,0.1566657065814813,0.0,0.0,0.0,0.0,0.0,0.07944894786164816,1500000000.0
7.977,0.0,0.0,0.15986296589947072,0.0,0.0,0.0,0.0,0.0,0.0778599689044152,1500000000.0
8.14,0.0,0.0,0.16312547540762318,0.0,0.0,0.0,0.0,0.0,0.07630276952632689,1500000000.0
8.305,0.0,0.0,0.16645456674247264,0.0,0.0,0.0,0.0,0.0,0.07477671413580035,1500000000.0
8.48,0.0,0.0,0.16985159871680883,0.0,0.0,0.0,0.0,0.0,0.07328117985308434,1500000000.0
8.65,0.0,0.0,0.17331795787429471,0.0,0.0,0.0,0.0,0.0,0.07181555625602265,1500000000.0
8.83,0.0,0.0,0.17685505905540277,0.0,0.0,0.0,0.0,0.0,0.0703792451309022,1500000000.0
9.01,0.0,0.0,0.1804643459749008,0.0,0.0,0.0,0.0,0.0,0.06897166022828416,1500000000.0
9.195,0.0,0.0,0.18414729181112324,0.0,0.0,0.0,0.0,0.0,0.06759222702371848,1500000000.0
9.38,0.0,0.0,0.18790539980726859,0.0,0.0,0.0,0.0,0.0,0.06624038248324411,1500000000.0
9.58,0.0,0.0,0.19174020388496796,0.0,0.0,0.0,0.0,0.0,0.06491557483357922,1500000000.0
9.77,0.0,0.0,0.19565326927037552,0.0,0.0,0.0,0.0,0.0,0.06361726333690763,1500000000.0
9.98,0.0,0.0,0.19964619313303622,0.0,0.0,0.0,0.0,0.0,0.06234491807016948,1500000000.0
10.18,0.0,0.0,0.20372060523779206,0.0,0.0,0.0,0.0,0.0,0.06109801970876609,1500000000.0
10.39,0.0,0.0,0.20787816860999192,0.0,0.0,0.0,0.0,0.0,0.059876059314590765,1500000000.0
10.6,0.0,0.0,0.21212058021427746,0.0,0.0,0.0,0.0,0.0,0.05867853812829895,1500000000.0
10.82,0.0,0.0,0.21644957164722192,0.0,0.0,0.0,0.0,0.0,0.05750496736573297,1500000000.0
11.04,0.0,0.0,0.220866909844104,0.0,0.0,0.0,0.0,0.0,0.05635486801841831,1500000000.0
11.266,0.0,0.0,0.22537439780010612,0.0,0.0,0.0,0.0,0.0,0.05522777065804994,1500000000.0
11.49,0.0,0.0,0.22997387530623073,0.0,0.0,0.0,0.0,0.0,0.054123215244888945,1500000000.0
11.73,0.0,0.0,0.23466721970023544,0.0,0.0,0.0,0.0,0.0,0.053040750939991166,1500000000.0
11.97,0.0,0.0,0.2394563466328933,0.0,0.0,0.0,0.0,0.0,0.05197993592119134,1500000000.0
12.21,0.0,0.0,0.24434321084989113,0.0,0.0,0.0,0.0,0.0,0.05094033720276751,1500000000.0
12.46,0.0,0.0,0.24932980698968485,0.0,0.0,0.0,0.0,0.0,0.049921530458712164,1500000000.0
12.72,0.0,0.0,0.25441817039763764,0.0,0.0,0.0,0.0,0.0,0.04892309984953792,1500000000.0
12.98,0.0,0.0,0.25961037795677305,0.0,0.0,0.0,0.0,0.0,0.047944637852547156,1500000000.0
13.24,0.0,0.0,0.2649085489354827,0.0,0.0,0.0,0.0,0.0,0.04698574509549621,1500000000.0
13.516,0.0,0.0,0.2703148458525334,0.0,0.0,0.0,0.0,0.0,0.04604603019358629,1500000000.0
13.79,0.0,0.0,0.27583147535972796,0.0,0.0,0.0,0.0,0.0,0.04512510958971456,1500000000.0
14.07,0.0,0.0,0.2814606891425796,0.0,0.0,0.0,0.0,0.0,0.04422260739792026,1500000000.0
14.36,0.0,0.0,0.28720478483936696,0.0,0.0,0.0,0.0,0.0,0.04333815524996186,1500000000.0
14.66,0.0,0.0,0.29306610697894586,0.0,0.0,0.0,0.0,0.0,0.04247139214496262,1500000000.0
14.95,0.0,0.0,0.2990470479376998,0.0,0.0,0.0,0.0,0.0,0.04162196430206337,1500000000.0
15.26,0.0,0.0,0.30515004891602027,0.0,0.0,0.0,0.0,0.0,0.0407895250160221,1500000000.0
15.57,0.0,0.0,0.31137760093471456,0.0,0.0,0.0,0.0,0.0,0.03997373451570166,1500000000.0
15.89,0.0,0.0,0.3177322458517496,0.0,0.0,0.0,0.0,0.0,0.03917425982538762,1500000000.0
16.22,0.0,0.0,0.32421657739974447,0.0,0.0,0.0,0.0,0.0,0.03839077462887987,1500000000.0
16.55,0.0,0.0,0.3308332422446372,0.0,0.0,0.0,0.0,0.0,0.03762295913630227,1500000000.0
16.89,0.0,0.0,0.3375849410659563,0.0,0.0,0.0,0.0,0.0,0.036870499953576226,1500000000.0
17.23,0.0,0.0,0.34447442965913916,0.0,0.0,0.0,0.0,0.0,0.0361330899545047,1500000000.0
17.6,0.0,0.0,0.35150452006034605,0.0,0.0,0.0,0.0,0.0,0.035410428155414606,1500000000.0
17.95,0.0,0.0,0.35867808169423065,0.0,0.0,0.0,0.0,0.0,0.034702219592306315,1500000000.0
18.31,0.0,0.0,0.36599804254513335,0.0,0.0,0.0,0.0,0.0,0.034008175200460185,1500000000.0
18.69,0.0,0.0,0.3734673903521769,0.0,0.0,0.0,0.0,0.0,0.03332801169645098,1500000000.0
19.06,0.0,0.0,0.38108917382875196,0.0,0.0,0.0,0.0,0.0,0.03266145146252196,1500000000.0
19.45,0.0,0.0,0.3888665039068898,0.0,0.0,0.0,0.0,0.0,0.03200822243327152,1500000000.0
19.84,0.0,0.0,0.3968025550070304,0.0,0.0,0.0,0.0,0.0,0.03136805798460609,1500000000.0
20.25,0.0,0.0,0.40490056633370447,0.0,0.0,0.0,0.0,0.0,0.030740696824913965,1500000000.0
20.66,0.0,0.0,0.41316384319765764,0.0,0.0,0.0,0.0,0.0,0.030125882888415684,1500000000.0
21.08,0.0,0.0,0.42159575836495683,0.0,0.0,0.0,0.0,0.0,0.02952336523064737,1500000000.0
21.52,0.0,0.0,0.43019975343362943,0.0,0.0,0.0,0.0,0.0,0.028932897926034422,1500000000.0
21.95,0.0,0.0,0.43897934023839735,0.0,0.0,0.0,0.0,0.0,0.028354239967513732,1500000000.0
22.4,0.0,0.0,0.447938102284079,0.0,0.0,0.0,0.0,0.0,0.027787155168163456,1500000000.0
22.86,0.0,0.0,0.4570796962082439,0.0,0.0,0.0,0.0,0.0,0.027231412064800186,1500000000.0
23.33,0.0,0.0,0.46640785327371825,0.0,0.0,0.0,0.0,0.0,0.02668678382350418,1500000000.0
23.8,0.0,0.0,0.47592638089154926,0.0,0.0,0.0,0.0,0.0,0.026153048147034095,1500000000.0
24.28,0.0,0.0,0.48563916417505026,0.0,0.0,0.0,0.0,0.0,0.025629987184093414,1500000000.0
24.78,0.0,0.0,0.4955501675255616,0.0,0.0,0.0,0.0,0.0,0.025117387440411545,1500000000.0
25.28,0.0,0.0,0.505663436250573,0.0,0.0,0.0,0.0,0.0,0.024615039691603315,1500000000.0
25.8,0.0,0.0,0.5159830982148704,0.0,0.0,0.0,0.0,0.0,0.024122738897771247,1500000000.0
26.33,0.0,0.0,0.526513365525378,0.0,0.0,0.0,0.0,0.0,0.02364028411981582,1500000000.0
26.86,0.0,0.0,0.5372585362503857,0.0,0.0,0.0,0.0,0.0,0.023167478437419505,1500000000.0
27.4,0.0,0.0,0.5482229961738629,0.0,0.0,0.0,0.0,0.0,0.022704128868671115,1500000000.0
27.97,0.0,0.0,0.5594112205855745,0.0,0.0,0.0,0.0,0.0,0.022250046291297693,1500000000.0
28.55,0.0,0.0,0.5708277761077291,0.0,0.0,0.0,0.0,0.0,0.02180504536547174,1500000000.0
29.12,0.0,0.0,0.5824773225589072,0.0,0.0,0.0,0.0,0.0,0.021368944458162304,1500000000.0
29.72,0.0,0.0,0.5943646148560278,0.0,0.0,0.0,0.0,0.0,0.02094156556899906,1500000000.0
30.33,0.0,0.0,0.6064945049551304,0.0,0.0,0.0,0.0,0.0,0.020522734257619076,1500000000.0
30.95,0.0,0.0,0.6188719438317656,0.0,0.0,0.0,0.0,0.0,0.020112279572466696,1500000000.0
31.58,0.0,0.0,0.6315019835018016,0.0,0.0,0.0,0.0,0.0,0.019710033981017363,1500000000.0
32.22,0.0,0.0,0.644389779083471,0.0,0.0,0.0,0.0,0.0,0.019315833301397016,1500000000.0
32.88,0.0,0.0,0.6575405909015011,0.0,0.0,0.0,0.0,0.0,0.018929516635369074,1500000000.0
33.53,0.0,0.0,0.6709597866341848,0.0,0.0,0.0,0.0,0.0,0.018550926302661693,1500000000.0
34.22,0.0,0.0,0.6846528435042702,0.0,0.0,0.0,0.0,0.0,0.01817990777660846,1500000000.0
34.9,0.0,0.0,0.6986253505145614,0.0,0.0,0.0,0.0,0.0,0.01781630962107629,1500000000.0
35.62,0.0,0.0,0.7128830107291444,0.0,0.0,0.0,0.0,0.0,0.017459983428654763,1500000000.0
36.34,0.0,0.0,0.7274316436011676,0.0,0.0,0.0,0.0,0.0,0.01711078376008167,1500000000.0
37.1,0.0,0.0,0.7422771873481303,0.0,0.0,0.0,0.0,0.0,0.016768568084880035,1500000000.0
37.84,0.0,0.0,0.7574257013756431,0.0,0.0,0.0,0.0,0.0,0.016433196723182435,1500000000.0
38.62,0.0,0.0,0.7728833687506563,0.0,0.0,0.0,0.0,0.0,0.016104532788718786,1500000000.0
39.4,0.0,0.0,0.7886564987251595,0.0,0.0,0.0,0.0,0.0,0.01578244213294441,1500000000.0
40.22,0.0,0.0,0.8047515293113873,0.0,0.0,0.0,0.0,0.0,0.01546679329028552,1500000000.0
41.03,0.0,0.0,0.8211750299095788,0.0,0.0,0.0,0.0,0.0,0.01515745742447981,1500000000.0
41.88,0.0,0.0,0.8379337039893663,0.0,0.0,0.0,0.0,0.0,0.014854308275990213,1500000000.0
42.72,0.0,0.0,0.8550343918258838,0.0,0.0,0.0,0.0,0.0,0.014557222110470409,1500000000.0
43.6,0.0,0.0,0.8724840732917184,0.0,0.0,0.0,0.0,0.0,0.014266077668261,1500000000.0
44.47,0.0,0.0,0.890289870705835,0.0,0.0,0.0,0.0,0.0,0.01398075611489578,1500000000.0
45.38,0.0,0.0,0.9084590517406479,0.0,0.0,0.0,0.0,0.0,0.013701140992597866,1500000000.0
46.3,0.0,0.0,0.9269990323884162,0.0,0.0,0.0,0.0,0.0,0.013427118172745908,1500000000.0
47.25,0.0,0.0,0.9459173799881799,0.0,0.0,0.0,0.0,0.0,0.013158575809290989,1500000000.0
48.22,0.0,0.0,0.9652218163144693,0.0,0.0,0.0,0.0,0.0,0.01289540429310517,1500000000.0
49.22,0.0,0.0,0.9849202207290503,0.0,0.0,0.0,0.0,0.0,0.012637496207243066,1500000000.0
50.22,0.0,0.0,1.00502063339699,0.0,0.0,0.0,0.0,0.0,0.012384746283098205,1500000000.0
51.25,0.0,0.0,1.0255312585683574,0.0,0.0,0.0,0.0,0.0,0.01213705135743624,1500000000.0
52.3,0.0,0.0,1.0464604679268952,0.0,0.0,0.0,0.0,0.0,0.011894310330287514,1500000000.0
53.38,0.0,0.0,1.0678168040070362,0.0,0.0,0.0,0.0,0.0,0.011656424123681763,1500000000.0
54.47,0.0,0.0,1.0896089836806488,0.0,0.0,0.0,0.0,0.0,0.011423295641208128,1500000000.0
55.6,0.0,0.0,1.111845901714948,0.0,0.0,0.0,0.0,0.0,0.011194829728383966,1500000000.0
56.72,0.0,0.0,1.1345366344030081,0.0,0.0,0.0,0.0,0.0,0.010970933133816287,1500000000.0
57.88,0.0,0.0,1.1576904432683757,0.0,0.0,0.0,0.0,0.0,0.01075151447113996,1500000000.0
59.06,0.0,0.0,1.1813167788452814,0.0,0.0,0.0,0.0,0.0,0.010536484181717161,1500000000.0
60.28,0.0,0.0,1.2054252845360014,0.0,0.0,0.0,0.0,0.0,0.010325754498082818,1500000000.0
61.5,0.0,0.0,1.2300258005469402,0.0,0.0,0.0,0.0,0.0,0.01011923940812116,1500000000.0
62.75,0.0,0.0,1.2551283679050411,0.0,0.0,0.0,0.0,0.0,0.009916854619958736,1500000000.0
64.0,0.0,0.0,1.2807432325561645,0.0,0.0,0.0,0.0,0.0,0.009718517527559561,1500000000.0
65.3,0.0,0.0,1.3068808495471065,0.0,0.0,0.0,0.0,0.0,0.00952414717700837,1500000000.0
66.6,0.0,0.0,1.3335518872929661,0.0,0.0,0.0,0.0,0.0,0.009333664233468202,1500000000.0
68.0,0.0,0.0,1.3607672319315982,0.0,0.0,0.0,0.0,0.0,0.009146990948798837,1500000000.0
69.4,0.0,0.0,1.388537991766937,0.0,0.0,0.0,0.0,0.0,0.00896405112982286,1500000000.0
70.8,0.0,0.0,1.416875501802997,0.0,0.0,0.0,0.0,0.0,0.008784770107226402,1500000000.0
72.25,0.0,0.0,1.4457913283704051,0.0,0.0,0.0,0.0,0.0,0.008609074705081874,1500000000.0
73.75,0.0,0.0,1.4752972738473524,0.0,0.0,0.0,0.0,0.0,0.008436893210980236,1500000000.0
75.25,0.0,0.0,1.50540538147689,0.0,0.0,0.0,0.0,0.0,0.008268155346760632,1500000000.0
76.8,0.0,0.0,1.5361279402825407,0.0,0.0,0.0,0.0,0.0,0.00810279223982542,1500000000.0
78.4,0.0,0.0,1.5674774900842252,0.0,0.0,0.0,0.0,0.0,0.007940736395028911,1500000000.0
80.0,0.0,0.0,1.5994668266165564,0.0,0.0,0.0,0.0,0.0,0.007781921667128332,1500000000.0
81.6,0.0,0.0,1.6321090067515882,0.0,0.0,0.0,0.0,0.0,0.007626283233785765,1500000000.0
83.3,0.0,0.0,1.6654173538281514,0.0,0.0,0.0,0.0,0.0,0.00747375756911005,1500000000.0
85.0,0.0,0.0,1.6994054630899504,0.0,0.0,0.0,0.0,0.0,0.0073242824177278485,1500000000.0
86.75,0.0,0.0,1.7340872072346432,0.0,0.0,0.0,0.0,0.0,0.007177796769373292,1500000000.0
88.5,0.0,0.0,1.7694767420761668,0.0,0.0,0.0,0.0,0.0,0.0070342408339858255,1500000000.0
90.3,0.0,0.0,1.805588512322619,0.0,0.0,0.0,0.0,0.0,0.006893556017306109,1500000000.0
92.1,0.0,0.0,1.8424372574720604,0.0,0.0,0.0,0.0,0.0,0.006755684896959987,1500000000.0
94.0,0.0,0.0,1.880038017828633,0.0,0.0,0.0,0.0,0.0,0.006620571199020787,1500000000.0
95.94,0.0,0.0,1.918406140641462,0.0,0.0,0.0,0.0,0.0,0.006488159775040372,1500000000.0
97.9,0.0,0.0,1.9575572863688389,0.0,0.0,0.0,0.0,0.0,0.0063583965795395644,1500000000.0
99.9,0.0,0.0,1.9975074350702438,0.0,0.0,0.0,0.0,0.0,0.006231228647948773,1500000000.0
101.94,0.0,0.0,2.0382728929288203,0.0,0.0,0.0,0.0,0.0,0.006106604074989797,1500000000.0
104.0,0.0,0.0,2.0798702989069593,0.0,0.0,0.0,0.0,0.0,0.005984471993490001,1500000000.0
106.1,0.0,0.0,2.1223166315377138,0.0,0.0,0.0,0.0,0.0,0.005864782553620201,1500000000.0
108.3,0.0,0.0,2.16562921585481,0.0,0.0,0.0,0.0,0.0,0.0057474869025477965,1500000000.0
110.5,0.0,0.0,2.209825730464092,0.0,0.0,0.0,0.0,0.0,0.005632537164496841,1500000000.0
112.75,0.0,0.0,2.254924214759278,0.0,0.0,0.0,0.0,0.0,0.0055198864212069034,1500000000.0
115.06,0.0,0.0,2.300943076284977,0.0,0.0,0.0,0.0,0.0,0.005409488692782766,1500000000.0
117.44,0.0,0.0,2.347901098249977,0.0,0.0,0.0,0.0,0.0,0.00530129891892711,1500000000.0
119.8,0.0,0.0,2.395817447193854,0.0,0.0,0.0,0.0,0.0,0.005195272940548568,1500000000.0
122.25,0.0,0.0,2.4447116808100553,0.0,0.0,0.0,0.0,0.0,0.005091367481737596,1500000000.0
124.75,0.0,0.0,2.494603755928628,0.0,0.0,0.0,0.0,0.0,0.004989540132102844,1500000000.0
127.3,0.0,0.0,2.545514036661865,0.0,0.0,0.0,0.0,0.0,0.004889749329460787,1500000000.0
129.9,0.0,0.0,2.597463302716189,0.0,0.0,0.0,0.0,0.0,0.004791954342871572,1500000000.0
132.5,0.0,0.0,2.6504727578736618,0.0,0.0,0.0,0.0,0.0,0.00469611525601414,1500000000.0
135.2,0.0,0.0,2.704564038646594,0.0,0.0,0.0,0.0,0.0,0.004602192950893857,1500000000.0
138.0,0.0,0.0,2.7597592231087695,0.0,0.0,0.0,0.0,0.0,0.00451014909187598,1500000000.0
140.9,0.0,0.0,2.8160808399069075,0.0,0.0,0.0,0.0,0.0,0.00441994611003846,1500000000.0
143.8,0.0,0.0,2.8735518774560287,0.0,0.0,0.0,0.0,0.0,0.0043315471878376905,1500000000.0
146.6,0.0,0.0,2.9321957933224785,0.0,0.0,0.0,0.0,0.0,0.0042449162440809365,1500000000.0
149.6,0.0,0.0,2.9920365237984474,0.0,0.0,0.0,0.0,0.0,0.004160017919199318,1500000000.0
152.6,0.0,0.0,3.0530984936718855,0.0,0.0,0.0,0.0,0.0,0.004076817560815331,1500000000.0
155.8,0.0,0.0,3.115406626195802,0.0,0.0,0.0,0.0,0.0,0.003995281209599024,1500000000.0
158.9,0.0,0.0,3.1789863532610214,0.0,0.0,0.0,0.0,0.0,0.003915375585407044,1500000000.0
162.1,0.0,0.0,3.243863625776553,0.0,0.0,0.0,0.0,0.0,0.003837068073698903,1500000000.0
165.4,0.0,0.0,3.310064924261789,0.0,0.0,0.0,0.0,0.0,0.0037603267122249245,1500000000.0
168.8,0.0,0.0,3.3776172696548863,0.0,0.0,0.0,0.0,0.0,0.003685120177980426,1500000000.0
172.2,0.0,0.0,3.446548234341721,0.0,0.0,0.0,0.0,0.0,0.0036114177744208174,1500000000.0
175.8,0.0,0.0,3.5168859534099197,0.0,0.0,0.0,0.0,0.0,0.003539189418932401,1500000000.0
179.4,0.0,0.0,3.5886591361325713,0.0,0.0,0.0,0.0,0.0,0.003468405630553753,1500000000.0
183.0,0.0,0.0,3.661897077686297,0.0,0.0,0.0,0.0,0.0,0.0033990375179426776,1500000000.0
186.8,0.0,0.0,3.7366296711084668,0.0,0.0,0.0,0.0,0.0,0.003331056767583824,1500000000.0
190.5,0.0,0.0,3.8128874194984355,0.0,0.0,0.0,0.0,0.0,0.0032644356322321473,1500000000.0
194.4,0.0,0.0,3.8907014484677913,0.0,0.0,0.0,0.0,0.0,0.003199146919587504,1500000000.0
198.4,0.0,0.0,3.9701035188446854,0.0,0.0,0.0,0.0,0.0,0.003135163981195754,1500000000.0
202.4,0.0,0.0,4.051126039637434,0.0,0.0,0.0,0.0,0.0,0.0030724607015718388,1500000000.0
206.5,0.0,0.0,4.133802081262688,0.0,0.0,0.0,0.0,0.0,0.0030110114875404018,1500000000.0
210.8,0.0,0.0,4.218165389043559,0.0,0.0,0.0,0.0,0.0,0.002950791257789594,1500000000.0
215.0,0.0,0.0,4.304250396983224,0.0,0.0,0.0,0.0,0.0,0.002891775432633802,1500000000.0
219.4,0.0,0.0,4.392092241819616,0.0,0.0,0.0,0.0,0.0,0.002833939923981126,1500000000.0
223.9,0.0,0.0,4.481726777366955,0.0,0.0,0.0,0.0,0.0,0.0027772611255015038,1500000000.0
228.5,0.0,0.0,4.573190589149954,0.0,0.0,0.0,0.0,0.0,0.0027217159029914737,1500000000.0
233.1,0.0,0.0,4.666521009336688,0.0,0.0,0.0,0.0,0.0,0.002667281584931644,1500000000.0
237.9,0.0,0.0,4.761756131976212,0.0,0.0,0.0,0.0,0.0,0.002613935953233011,1500000000.0
242.8,0.0,0.0,4.858934828547156,0.0,0.0,0.0,0.0,0.0,0.0025616572341683507,1500000000.0
247.8,0.0,0.0,4.958096763823629,0.0,0.0,0.0,0.0,0.0,0.0025104240894849835,1500000000.0
252.8,0.0,0.0,5.059282412064927,0.0,0.0,0.0,0.0,0.0,0.002460215607695284,1500000000.0
258.0,0.0,0.0,5.16253307353564,0.0,0.0,0.0,0.0,0.0,0.002411011295541378,1500000000.0
263.2,0.0,0.0,5.267890891362899,0.0,0.0,0.0,0.0,0.0,0.0023627910696305504,1500000000.0
268.5,0.0,0.0,5.375398868737651,0.0,0.0,0.0,0.0,0.0,0.0023155352482379394,1500000000.0
274.0,0.0,0.0,5.4851008864669915,0.0,0.0,0.0,0.0,0.0,0.0022692245432731806,1500000000.0
279.5,0.0,0.0,5.597041720884685,0.0,0.0,0.0,0.0,0.0,0.002223840052407717,1500000000.0
285.2,0.0,0.0,5.711267062127229,0.0,0.0,0.0,0.0,0.0,0.0021793632513595626,1500000000.0
291.0,0.0,0.0,5.827823532782888,0.0,0.0,0.0,0.0,0.0,0.002135775986332371,1500000000.0
297.0,0.0,0.0,5.946758706921315,0.0,0.0,0.0,0.0,0.0,0.0020930604666057236,1500000000.0
303.0,0.0,0.0,6.068121129511545,0.0,0.0,0.0,0.0,0.0,0.002051199257273609,1500000000.0
